{"fps": 40, "data": {"r_shoulder_y": [-0.00390625, -0.091796875, -0.091796875, -0.267578125, -0.1796875, -0.00390625, 0.171875, 0.435546875, 0.875, 1.314453125, 1.841796875, 2.720703125, 3.423828125, 4.654296875, 5.708984375, 6.939453125, 8.43359375, 9.6640625, 11.0703125, 12.740234375, 13.970703125, 15.11328125, 16.34375, 17.662109375, 18.716796875, 19.859375, 21.177734375, 22.3203125, 23.462890625, 24.95703125, 26.36328125, 27.681640625, 29.087890625, 30.669921875, 31.98828125, 33.130859375, 34.537109375, 35.6796875, 36.91015625, 38.31640625, 39.72265625, 40.865234375, 41.83203125, 42.7109375, 43.4140625, 44.029296875, 44.99609375, 46.2265625, 47.193359375, 48.951171875, 50.533203125, 52.642578125, 54.576171875, 56.509765625, 58.619140625, 60.640625, 63.013671875, 65.03515625, 66.96875, 69.166015625, 70.8359375, 72.59375, 74.17578125, 75.93359375, 77.251953125, 78.482421875, 79.888671875, 80.6796875, 81.822265625, 82.61328125, 83.31640625, 84.01953125, 85.07421875, 85.77734375, 86.744140625, 88.0625, 89.205078125, 90.435546875, 91.578125, 92.80859375, 93.86328125, 94.56640625, 95.26953125, 95.533203125, 95.62109375, 95.708984375, 95.62109375, 95.4453125, 94.91796875, 94.21484375, 93.51171875, 92.720703125, 91.138671875, 89.99609375, 88.4140625, 86.744140625, 84.810546875, 83.052734375, 81.3828125, 79.2734375, 77.603515625, 75.93359375, 73.912109375, 72.154296875, 70.396484375, 68.0234375, 66.001953125, 64.068359375, 61.958984375, 59.41015625, 57.212890625, 54.83984375, 52.02734375, 49.390625, 46.578125, 44.29296875, 42.095703125, 40.07421875, 38.052734375, 35.943359375, 34.2734375, 32.69140625, 30.845703125, 29.3515625, 27.857421875, 25.923828125, 23.990234375, 22.14453125, 20.2109375, 17.837890625, 15.81640625, 13.70703125, 11.158203125, 9.13671875, 6.939453125, 5.357421875, 3.072265625, 1.578125, -0.267578125, -2.2890625, -3.958984375, -5.8046875, -7.826171875, -9.583984375, -11.25390625, -12.923828125, -15.208984375, -17.142578125, -18.4609375, -20.306640625, -21.9765625, -23.822265625, -26.01953125, -27.77734375, -29.53515625, -31.29296875, -33.490234375, -35.51171875, -37.62109375, -40.169921875, -42.806640625, -44.65234375, -47.640625, -49.486328125, -51.595703125, -53.705078125, -56.60546875, -58.451171875, -60.560546875, -63.021484375, -64.955078125, -66.888671875, -68.998046875, -70.66796875, -72.25, -73.568359375, -75.23828125, -76.29296875, -77.435546875, -78.666015625, -79.6328125, -80.6875, -81.830078125, -82.97265625, -84.115234375, -85.2578125, -86.576171875, -87.71875, -88.685546875, -89.828125, -90.619140625, -91.146484375, -91.673828125, -91.76171875, -91.673828125, -91.234375, -90.53125, -89.564453125, -88.333984375, -86.576171875, -84.90625, -82.796875, -80.775390625, -78.666015625, -76.29296875, -73.83203125, -71.01953125, -68.55859375, -66.009765625, -63.021484375, -60.47265625, -57.8359375, -54.759765625, -52.123046875, -49.662109375, -46.498046875, -44.037109375, -41.576171875, -39.115234375, -36.302734375, -33.9296875, -31.556640625, -28.744140625, -26.458984375, -24.173828125, -21.712890625, -19.251953125, -17.318359375, -15.296875, -12.923828125, -10.990234375, -8.96875, -6.771484375, -5.013671875, -3.255859375, -1.5859375, 0.435546875, 2.10546875, 3.775390625, 5.884765625, 7.291015625, 8.873046875, 10.71875, 12.30078125, 13.794921875, 15.025390625, 16.255859375, 17.046875, 17.3984375, 17.486328125, 17.310546875, 17.134765625, 16.607421875, 15.728515625, 15.025390625, 14.234375, 13.00390625, 11.861328125, 10.54296875, 8.873046875, 7.5546875, 6.060546875, 4.478515625, 3.423828125, 2.369140625, 1.314453125, 0.259765625, -0.443359375, -0.970703125, -1.498046875, -1.76171875, -1.76171875, -1.76171875, -1.76171875, -1.76171875, -1.76171875, -1.76171875, -1.76171875, -1.76171875, -1.673828125, -1.76171875, -1.76171875, -1.76171875, -1.76171875, -1.76171875, -1.76171875, -1.76171875, -1.76171875, -1.76171875, -1.76171875, -1.76171875, -1.76171875, -1.76171875, -1.76171875, -1.76171875, -1.76171875, -1.76171875, -1.76171875, -1.76171875, -1.76171875, -1.76171875, -1.76171875, -1.76171875, -1.76171875, -1.76171875, -1.76171875, -1.76171875, -1.76171875, -1.76171875, -1.76171875, -1.76171875, -1.76171875, -1.76171875, -1.76171875, -1.76171875, -1.76171875, -1.76171875, -1.76171875, -1.76171875, -1.76171875, -1.76171875, -1.76171875, -1.76171875, -1.76171875, -1.76171875, -1.76171875, -1.76171875, -1.76171875, -1.76171875, -1.76171875, -1.76171875, -1.76171875, -1.76171875, -1.76171875, -1.76171875, -1.76171875, -1.76171875, -1.76171875, -1.76171875, -1.76171875, -1.76171875, -1.76171875, -1.76171875, -1.76171875, -1.76171875, -1.76171875, -1.76171875, -1.76171875, -1.76171875, -1.76171875, -1.76171875, -1.76171875, -1.76171875, -1.76171875, -1.76171875, -1.76171875, -1.76171875, -1.76171875, -1.76171875, -1.76171875, -1.76171875, -1.76171875, -1.76171875, -1.76171875, -1.673828125, -1.76171875, -1.76171875, -1.76171875, -1.76171875, -1.76171875, -1.76171875, -1.76171875, -1.76171875, -1.76171875, -1.76171875, -1.76171875, -1.76171875, -1.76171875, -1.76171875, -1.76171875, -1.76171875, -1.76171875, -1.76171875, -1.76171875, -1.76171875, -1.76171875, -1.76171875, -1.76171875, -1.76171875, -1.76171875, -1.76171875, -1.76171875, -1.673828125, -1.76171875, -1.673828125, -1.76171875, -1.76171875, -1.76171875, -1.76171875, -1.76171875]}}